date,close,name,realname
2014-01-16,170.97,TSLA,Tesla
2014-01-17,170.01,TSLA,Tesla
2014-01-21,176.68,TSLA,Tesla
2014-01-22,178.56,TSLA,Tesla
2014-01-23,181.5,TSLA,Tesla
2014-01-24,174.6,TSLA,Tesla
2014-01-27,169.62,TSLA,Tesla
2014-01-28,178.38,TSLA,Tesla
2014-01-29,175.23,TSLA,Tesla
2014-01-30,182.84,TSLA,Tesla
2014-01-31,181.41,TSLA,Tesla
2014-02-03,177.11,TSLA,Tesla
2014-02-04,178.73,TSLA,Tesla
2014-02-05,174.42,TSLA,Tesla
2014-02-06,178.38,TSLA,Tesla
2014-02-07,186.53,TSLA,Tesla
2014-02-10,196.56,TSLA,Tesla
2014-02-11,196.62,TSLA,Tesla
2014-02-12,195.32,TSLA,Tesla
2014-02-13,199.63,TSLA,Tesla
2014-02-14,198.23,TSLA,Tesla
2014-02-18,203.7,TSLA,Tesla
2014-02-19,193.64,TSLA,Tesla
2014-02-20,209.97,TSLA,Tesla
2014-02-21,209.6,TSLA,Tesla
2014-02-24,217.65,TSLA,Tesla
2014-02-25,248.0,TSLA,Tesla
2014-02-26,253.0,TSLA,Tesla
2014-02-27,252.54,TSLA,Tesla
2014-02-28,244.81,TSLA,Tesla
2014-03-03,250.56,TSLA,Tesla
2014-03-04,254.84,TSLA,Tesla
2014-03-05,252.66,TSLA,Tesla
2014-03-06,252.94,TSLA,Tesla
2014-03-07,246.21,TSLA,Tesla
2014-03-10,238.84,TSLA,Tesla
2014-03-11,234.41,TSLA,Tesla
2014-03-12,241.49,TSLA,Tesla
2014-03-13,237.79,TSLA,Tesla
2014-03-14,230.97,TSLA,Tesla
2014-03-17,233.98,TSLA,Tesla
2014-03-18,240.04,TSLA,Tesla
2014-03-19,235.84,TSLA,Tesla
2014-03-20,234.91,TSLA,Tesla
2014-03-21,228.89,TSLA,Tesla
2014-03-24,220.17,TSLA,Tesla
2014-03-25,220.44,TSLA,Tesla
2014-03-26,212.96,TSLA,Tesla
2014-03-27,207.32,TSLA,Tesla
2014-03-28,212.37,TSLA,Tesla
2014-03-31,208.45,TSLA,Tesla
2014-04-01,216.97,TSLA,Tesla
2014-04-02,230.29,TSLA,Tesla
2014-04-03,225.4,TSLA,Tesla
2014-04-04,212.225,TSLA,Tesla
2014-04-07,207.52,TSLA,Tesla
2014-04-08,215.46,TSLA,Tesla
2014-04-09,216.93,TSLA,Tesla
2014-04-10,204.19,TSLA,Tesla
2014-04-11,203.78,TSLA,Tesla
2014-04-14,198.09,TSLA,Tesla
2014-04-15,193.91,TSLA,Tesla
2014-04-16,199.11,TSLA,Tesla
2014-04-17,198.12,TSLA,Tesla
2014-04-21,204.38,TSLA,Tesla
2014-04-22,218.64,TSLA,Tesla
2014-04-23,207.99,TSLA,Tesla
2014-04-24,207.86,TSLA,Tesla
2014-04-25,199.85,TSLA,Tesla
2014-04-28,198.51,TSLA,Tesla
2014-04-29,206.92,TSLA,Tesla
2014-04-30,207.89,TSLA,Tesla
2014-05-01,207.73,TSLA,Tesla
2014-05-02,210.91,TSLA,Tesla
2014-05-05,216.61,TSLA,Tesla
2014-05-06,207.28,TSLA,Tesla
2014-05-07,201.35,TSLA,Tesla
2014-05-08,178.59,TSLA,Tesla
2014-05-09,182.26,TSLA,Tesla
2014-05-12,184.67,TSLA,Tesla
2014-05-13,190.16,TSLA,Tesla
2014-05-14,190.62,TSLA,Tesla
2014-05-15,188.59,TSLA,Tesla
2014-05-16,191.56,TSLA,Tesla
2014-05-19,196.09,TSLA,Tesla
2014-05-20,195.3,TSLA,Tesla
2014-05-21,199.45,TSLA,Tesla
2014-05-22,204.88,TSLA,Tesla
2014-05-23,207.3,TSLA,Tesla
2014-05-27,211.56,TSLA,Tesla
2014-05-28,210.24,TSLA,Tesla
2014-05-29,210.24,TSLA,Tesla
2014-05-30,207.77,TSLA,Tesla
2014-06-02,204.7,TSLA,Tesla
2014-06-03,204.94,TSLA,Tesla
2014-06-04,203.99,TSLA,Tesla
2014-06-05,206.9,TSLA,Tesla
2014-06-06,208.171,TSLA,Tesla
2014-06-09,205.31,TSLA,Tesla
2014-06-10,202.3,TSLA,Tesla
2014-06-11,204.47,TSLA,Tesla
2014-06-12,203.52,TSLA,Tesla
2014-06-13,206.42,TSLA,Tesla
2014-06-16,224.61,TSLA,Tesla
2014-06-17,231.67,TSLA,Tesla
2014-06-18,227.12,TSLA,Tesla
2014-06-19,227.79,TSLA,Tesla
2014-06-20,229.59,TSLA,Tesla
2014-06-23,237.22,TSLA,Tesla
2014-06-24,232.5,TSLA,Tesla
2014-06-25,236.891,TSLA,Tesla
2014-06-26,235.6,TSLA,Tesla
2014-06-27,239.06,TSLA,Tesla
2014-06-30,240.06,TSLA,Tesla
2014-07-01,239.72,TSLA,Tesla
2014-07-02,229.425,TSLA,Tesla
2014-07-03,229.25,TSLA,Tesla
2014-07-07,222.66,TSLA,Tesla
2014-07-08,219.07,TSLA,Tesla
2014-07-09,223.06,TSLA,Tesla
2014-07-10,219.46,TSLA,Tesla
2014-07-11,218.13,TSLA,Tesla
2014-07-14,226.7,TSLA,Tesla
2014-07-15,219.58,TSLA,Tesla
2014-07-16,217.16,TSLA,Tesla
2014-07-17,215.4,TSLA,Tesla
2014-07-18,220.0201,TSLA,Tesla
2014-07-21,220.54,TSLA,Tesla
2014-07-22,219.58,TSLA,Tesla
2014-07-23,222.49,TSLA,Tesla
2014-07-24,223.54,TSLA,Tesla
2014-07-25,223.57,TSLA,Tesla
2014-07-28,224.82,TSLA,Tesla
2014-07-29,225.01,TSLA,Tesla
2014-07-30,228.92,TSLA,Tesla
2014-07-31,223.3,TSLA,Tesla
2014-08-01,233.27,TSLA,Tesla
2014-08-04,238.52,TSLA,Tesla
2014-08-05,238.49,TSLA,Tesla
2014-08-06,248.9301,TSLA,Tesla
2014-08-07,252.39,TSLA,Tesla
2014-08-08,248.13,TSLA,Tesla
2014-08-11,259.32,TSLA,Tesla
2014-08-12,259.96,TSLA,Tesla
2014-08-13,260.31,TSLA,Tesla
2014-08-14,261.38,TSLA,Tesla
2014-08-15,262.01,TSLA,Tesla
2014-08-18,259.94,TSLA,Tesla
2014-08-19,256.76,TSLA,Tesla
2014-08-20,255.71,TSLA,Tesla
2014-08-21,254.34,TSLA,Tesla
2014-08-22,256.78,TSLA,Tesla
2014-08-25,262.55,TSLA,Tesla
2014-08-26,261.74,TSLA,Tesla
2014-08-27,263.25,TSLA,Tesla
2014-08-28,263.86,TSLA,Tesla
2014-08-29,269.7,TSLA,Tesla
2014-09-02,284.12,TSLA,Tesla
2014-09-03,281.19,TSLA,Tesla
2014-09-04,286.04,TSLA,Tesla
2014-09-05,277.39,TSLA,Tesla
2014-09-08,282.11,TSLA,Tesla
2014-09-09,278.48,TSLA,Tesla
2014-09-10,281.1,TSLA,Tesla
2014-09-11,280.31,TSLA,Tesla
2014-09-12,279.2,TSLA,Tesla
2014-09-15,253.86,TSLA,Tesla
2014-09-16,260.74,TSLA,Tesla
2014-09-17,261.38,TSLA,Tesla
2014-09-18,263.82,TSLA,Tesla
2014-09-19,259.32,TSLA,Tesla
2014-09-22,250.03,TSLA,Tesla
2014-09-23,250.41,TSLA,Tesla
2014-09-24,252.14,TSLA,Tesla
2014-09-25,246.95,TSLA,Tesla
2014-09-26,246.6,TSLA,Tesla
2014-09-29,245.26,TSLA,Tesla
2014-09-30,242.68,TSLA,Tesla
2014-10-01,240.24,TSLA,Tesla
2014-10-02,251.42,TSLA,Tesla
2014-10-03,255.21,TSLA,Tesla
2014-10-06,260.62,TSLA,Tesla
2014-10-07,259.57,TSLA,Tesla
2014-10-08,259.28,TSLA,Tesla
2014-10-09,257.01,TSLA,Tesla
2014-10-10,236.91,TSLA,Tesla
2014-10-13,224.59,TSLA,Tesla
2014-10-14,227.06,TSLA,Tesla
2014-10-15,229.7,TSLA,Tesla
2014-10-16,226.35,TSLA,Tesla
2014-10-17,227.48,TSLA,Tesla
2014-10-20,230.47,TSLA,Tesla
2014-10-21,235.34,TSLA,Tesla
2014-10-22,231.1,TSLA,Tesla
2014-10-23,235.29,TSLA,Tesla
2014-10-24,235.24,TSLA,Tesla
2014-10-27,221.67,TSLA,Tesla
2014-10-28,242.77,TSLA,Tesla
2014-10-29,238.1,TSLA,Tesla
2014-10-30,238.66,TSLA,Tesla
2014-10-31,241.7,TSLA,Tesla
2014-11-03,242.59,TSLA,Tesla
2014-11-04,238.93,TSLA,Tesla
2014-11-05,230.97,TSLA,Tesla
2014-11-06,241.22,TSLA,Tesla
2014-11-07,240.2,TSLA,Tesla
2014-11-10,241.93,TSLA,Tesla
2014-11-11,251.08,TSLA,Tesla
2014-11-12,249.1,TSLA,Tesla
2014-11-13,251.7,TSLA,Tesla
2014-11-14,258.68,TSLA,Tesla
2014-11-17,253.98,TSLA,Tesla
2014-11-18,257.7,TSLA,Tesla
2014-11-19,247.74,TSLA,Tesla
2014-11-20,248.71,TSLA,Tesla
2014-11-21,242.78,TSLA,Tesla
2014-11-24,246.72,TSLA,Tesla
2014-11-25,248.09,TSLA,Tesla
2014-11-26,248.44,TSLA,Tesla
2014-11-28,244.52,TSLA,Tesla
2014-12-01,231.64,TSLA,Tesla
2014-12-02,231.43,TSLA,Tesla
2014-12-03,229.3,TSLA,Tesla
2014-12-04,228.28,TSLA,Tesla
2014-12-05,223.71,TSLA,Tesla
2014-12-08,214.36,TSLA,Tesla
2014-12-09,216.89,TSLA,Tesla
2014-12-10,209.84,TSLA,Tesla
2014-12-11,208.88,TSLA,Tesla
2014-12-12,207.0,TSLA,Tesla
2014-12-15,204.04,TSLA,Tesla
2014-12-16,197.81,TSLA,Tesla
2014-12-17,205.82,TSLA,Tesla
2014-12-18,218.26,TSLA,Tesla
2014-12-19,219.29,TSLA,Tesla
2014-12-22,222.6,TSLA,Tesla
2014-12-23,220.97,TSLA,Tesla
2014-12-24,222.26,TSLA,Tesla
2014-12-26,227.82,TSLA,Tesla
2014-12-29,225.71,TSLA,Tesla
2014-12-30,222.23,TSLA,Tesla
2014-12-31,222.41,TSLA,Tesla
2015-01-02,219.31,TSLA,Tesla
2015-01-05,210.09,TSLA,Tesla
2015-01-06,211.28,TSLA,Tesla
2015-01-07,210.95,TSLA,Tesla
2015-01-08,210.615,TSLA,Tesla
2015-01-09,206.66,TSLA,Tesla
2015-01-12,202.21,TSLA,Tesla
2015-01-13,204.25,TSLA,Tesla
2015-01-14,192.69,TSLA,Tesla
2015-01-15,191.87,TSLA,Tesla
2015-01-16,193.07,TSLA,Tesla
2015-01-20,191.93,TSLA,Tesla
2015-01-21,196.57,TSLA,Tesla
2015-01-22,201.62,TSLA,Tesla
2015-01-23,201.29,TSLA,Tesla
2015-01-26,206.55,TSLA,Tesla
2015-01-27,205.98,TSLA,Tesla
2015-01-28,199.37,TSLA,Tesla
2015-01-29,205.2,TSLA,Tesla
2015-01-30,203.6,TSLA,Tesla
2015-02-02,210.94,TSLA,Tesla
2015-02-03,218.36,TSLA,Tesla
2015-02-04,218.55,TSLA,Tesla
2015-02-05,220.99,TSLA,Tesla
2015-02-06,217.36,TSLA,Tesla
2015-02-09,217.48,TSLA,Tesla
2015-02-10,216.29,TSLA,Tesla
2015-02-11,212.8,TSLA,Tesla
2015-02-12,202.88,TSLA,Tesla
2015-02-13,203.77,TSLA,Tesla
2015-02-17,204.35,TSLA,Tesla
2015-02-18,204.46,TSLA,Tesla
2015-02-19,211.705,TSLA,Tesla
2015-02-20,217.11,TSLA,Tesla
2015-02-23,207.335,TSLA,Tesla
2015-02-24,204.11,TSLA,Tesla
2015-02-25,203.76,TSLA,Tesla
2015-02-26,207.19,TSLA,Tesla
2015-02-27,203.34,TSLA,Tesla
2015-03-02,197.325,TSLA,Tesla
2015-03-03,199.56,TSLA,Tesla
2015-03-04,202.435,TSLA,Tesla
2015-03-05,200.63,TSLA,Tesla
2015-03-06,193.88,TSLA,Tesla
2015-03-09,190.88,TSLA,Tesla
2015-03-10,190.32,TSLA,Tesla
2015-03-11,193.74,TSLA,Tesla
2015-03-12,191.07,TSLA,Tesla
2015-03-13,188.68,TSLA,Tesla
2015-03-16,195.7,TSLA,Tesla
2015-03-17,194.73,TSLA,Tesla
2015-03-18,200.71,TSLA,Tesla
2015-03-19,195.65,TSLA,Tesla
2015-03-20,198.08,TSLA,Tesla
2015-03-23,199.63,TSLA,Tesla
2015-03-24,201.72,TSLA,Tesla
2015-03-25,194.3,TSLA,Tesla
2015-03-26,190.405,TSLA,Tesla
2015-03-27,185.0,TSLA,Tesla
2015-03-30,190.57,TSLA,Tesla
2015-03-31,188.77,TSLA,Tesla
2015-04-01,187.59,TSLA,Tesla
2015-04-02,191.0,TSLA,Tesla
2015-04-06,203.1,TSLA,Tesla
2015-04-07,203.25,TSLA,Tesla
2015-04-08,207.67,TSLA,Tesla
2015-04-09,210.09,TSLA,Tesla
2015-04-10,210.9,TSLA,Tesla
2015-04-13,209.78,TSLA,Tesla
2015-04-14,207.46,TSLA,Tesla
2015-04-15,207.83,TSLA,Tesla
2015-04-16,206.7,TSLA,Tesla
2015-04-17,206.79,TSLA,Tesla
2015-04-20,205.27,TSLA,Tesla
2015-04-21,209.41,TSLA,Tesla
2015-04-22,219.44,TSLA,Tesla
2015-04-23,218.6,TSLA,Tesla
2015-04-24,218.425,TSLA,Tesla
2015-04-27,231.55,TSLA,Tesla
2015-04-28,230.48,TSLA,Tesla
2015-04-29,232.45,TSLA,Tesla
2015-04-30,226.05,TSLA,Tesla
2015-05-01,226.03,TSLA,Tesla
2015-05-04,230.51,TSLA,Tesla
2015-05-05,232.95,TSLA,Tesla
2015-05-06,230.43,TSLA,Tesla
2015-05-07,236.8,TSLA,Tesla
2015-05-08,236.61,TSLA,Tesla
2015-05-11,239.49,TSLA,Tesla
2015-05-12,244.74,TSLA,Tesla
2015-05-13,243.18,TSLA,Tesla
2015-05-14,244.1,TSLA,Tesla
2015-05-15,248.84,TSLA,Tesla
2015-05-18,248.75,TSLA,Tesla
2015-05-19,247.14,TSLA,Tesla
2015-05-20,244.35,TSLA,Tesla
2015-05-21,245.62,TSLA,Tesla
2015-05-22,247.73,TSLA,Tesla
2015-05-26,247.455,TSLA,Tesla
2015-05-27,247.43,TSLA,Tesla
2015-05-28,251.45,TSLA,Tesla
2015-05-29,250.8,TSLA,Tesla
2015-06-01,249.45,TSLA,Tesla
2015-06-02,248.35,TSLA,Tesla
2015-06-03,248.99,TSLA,Tesla
2015-06-04,245.92,TSLA,Tesla
2015-06-05,249.14,TSLA,Tesla
2015-06-08,256.29,TSLA,Tesla
2015-06-09,256.0,TSLA,Tesla
2015-06-10,250.7,TSLA,Tesla
2015-06-11,251.41,TSLA,Tesla
2015-06-12,250.69,TSLA,Tesla
2015-06-15,250.38,TSLA,Tesla
2015-06-16,253.12,TSLA,Tesla
2015-06-17,260.41,TSLA,Tesla
2015-06-18,261.89,TSLA,Tesla
2015-06-19,262.51,TSLA,Tesla
2015-06-22,259.79,TSLA,Tesla
2015-06-23,267.67,TSLA,Tesla
2015-06-24,265.17,TSLA,Tesla
2015-06-25,268.79,TSLA,Tesla
2015-06-26,267.09,TSLA,Tesla
2015-06-29,262.02,TSLA,Tesla
2015-06-30,268.26,TSLA,Tesla
2015-07-01,269.15,TSLA,Tesla
2015-07-02,280.02,TSLA,Tesla
2015-07-06,279.72,TSLA,Tesla
2015-07-07,267.88,TSLA,Tesla
2015-07-08,254.96,TSLA,Tesla
2015-07-09,257.92,TSLA,Tesla
2015-07-10,259.15,TSLA,Tesla
2015-07-13,262.16,TSLA,Tesla
2015-07-14,265.65,TSLA,Tesla
2015-07-15,263.14,TSLA,Tesla
2015-07-16,266.68,TSLA,Tesla
2015-07-17,274.66,TSLA,Tesla
2015-07-20,282.26,TSLA,Tesla
2015-07-21,266.77,TSLA,Tesla
2015-07-22,267.87,TSLA,Tesla
2015-07-23,267.2,TSLA,Tesla
2015-07-24,265.41,TSLA,Tesla
2015-07-27,253.01,TSLA,Tesla
2015-07-28,264.82,TSLA,Tesla
2015-07-29,263.82,TSLA,Tesla
2015-07-30,266.79,TSLA,Tesla
2015-07-31,266.15,TSLA,Tesla
2015-08-03,259.99,TSLA,Tesla
2015-08-04,266.28,TSLA,Tesla
2015-08-05,270.13,TSLA,Tesla
2015-08-06,246.13,TSLA,Tesla
2015-08-07,242.51,TSLA,Tesla
2015-08-10,241.14,TSLA,Tesla
2015-08-11,237.37,TSLA,Tesla
2015-08-12,238.17,TSLA,Tesla
2015-08-13,242.51,TSLA,Tesla
2015-08-14,243.15,TSLA,Tesla
2015-08-17,254.99,TSLA,Tesla
2015-08-18,260.72,TSLA,Tesla
2015-08-19,255.25,TSLA,Tesla
2015-08-20,242.18,TSLA,Tesla
2015-08-21,230.77,TSLA,Tesla
2015-08-24,218.87,TSLA,Tesla
2015-08-25,220.03,TSLA,Tesla
2015-08-26,224.84,TSLA,Tesla
2015-08-27,242.99,TSLA,Tesla
2015-08-28,248.48,TSLA,Tesla
2015-08-31,249.06,TSLA,Tesla
2015-09-01,238.63,TSLA,Tesla
2015-09-02,247.69,TSLA,Tesla
2015-09-03,245.57,TSLA,Tesla
2015-09-04,241.93,TSLA,Tesla
2015-09-08,248.17,TSLA,Tesla
2015-09-09,248.91,TSLA,Tesla
2015-09-10,248.48,TSLA,Tesla
2015-09-11,250.24,TSLA,Tesla
2015-09-14,253.19,TSLA,Tesla
2015-09-15,253.57,TSLA,Tesla
2015-09-16,262.25,TSLA,Tesla
2015-09-17,262.07,TSLA,Tesla
2015-09-18,260.62,TSLA,Tesla
2015-09-21,264.2,TSLA,Tesla
2015-09-22,260.94,TSLA,Tesla
2015-09-23,261.06,TSLA,Tesla
2015-09-24,263.12,TSLA,Tesla
2015-09-25,256.91,TSLA,Tesla
2015-09-28,248.43,TSLA,Tesla
2015-09-29,246.65,TSLA,Tesla
2015-09-30,248.4,TSLA,Tesla
2015-10-01,239.88,TSLA,Tesla
2015-10-02,247.57,TSLA,Tesla
2015-10-05,246.15,TSLA,Tesla
2015-10-06,241.46,TSLA,Tesla
2015-10-07,231.96,TSLA,Tesla
2015-10-08,226.72,TSLA,Tesla
2015-10-09,220.69,TSLA,Tesla
2015-10-12,215.58,TSLA,Tesla
2015-10-13,219.25,TSLA,Tesla
2015-10-14,216.88,TSLA,Tesla
2015-10-15,221.31,TSLA,Tesla
2015-10-16,227.01,TSLA,Tesla
2015-10-19,228.1,TSLA,Tesla
2015-10-20,213.03,TSLA,Tesla
2015-10-21,210.09,TSLA,Tesla
2015-10-22,211.72,TSLA,Tesla
2015-10-23,209.09,TSLA,Tesla
2015-10-26,215.26,TSLA,Tesla
2015-10-27,210.35,TSLA,Tesla
2015-10-28,212.96,TSLA,Tesla
2015-10-29,211.63,TSLA,Tesla
2015-10-30,206.93,TSLA,Tesla
2015-11-02,213.79,TSLA,Tesla
2015-11-03,208.35,TSLA,Tesla
2015-11-04,231.63,TSLA,Tesla
2015-11-05,231.77,TSLA,Tesla
2015-11-06,232.36,TSLA,Tesla
2015-11-09,225.33,TSLA,Tesla
2015-11-10,216.5,TSLA,Tesla
2015-11-11,219.08,TSLA,Tesla
2015-11-12,212.94,TSLA,Tesla
2015-11-13,207.19,TSLA,Tesla
2015-11-16,214.31,TSLA,Tesla
2015-11-17,214.0,TSLA,Tesla
2015-11-18,221.07,TSLA,Tesla
2015-11-19,221.8,TSLA,Tesla
2015-11-20,220.01,TSLA,Tesla
2015-11-23,217.75,TSLA,Tesla
2015-11-24,218.25,TSLA,Tesla
2015-11-25,229.64,TSLA,Tesla
2015-11-27,231.61,TSLA,Tesla
2015-11-30,230.26,TSLA,Tesla
2015-12-01,237.19,TSLA,Tesla
2015-12-02,231.99,TSLA,Tesla
2015-12-03,232.71,TSLA,Tesla
2015-12-04,230.38,TSLA,Tesla
2015-12-07,231.13,TSLA,Tesla
2015-12-08,226.72,TSLA,Tesla
2015-12-09,224.52,TSLA,Tesla
2015-12-10,227.07,TSLA,Tesla
2015-12-11,217.02,TSLA,Tesla
2015-12-14,218.58,TSLA,Tesla
2015-12-15,221.09,TSLA,Tesla
2015-12-16,234.51,TSLA,Tesla
2015-12-17,233.39,TSLA,Tesla
2015-12-18,230.46,TSLA,Tesla
2015-12-21,232.56,TSLA,Tesla
2015-12-22,229.95,TSLA,Tesla
2015-12-23,229.7,TSLA,Tesla
2015-12-24,230.57,TSLA,Tesla
2015-12-28,228.95,TSLA,Tesla
2015-12-29,237.19,TSLA,Tesla
2015-12-30,238.09,TSLA,Tesla
2015-12-31,240.01,TSLA,Tesla
2016-01-04,223.41,TSLA,Tesla
2016-01-05,223.43,TSLA,Tesla
2016-01-06,219.04,TSLA,Tesla
2016-01-07,215.65,TSLA,Tesla
2016-01-08,211.0,TSLA,Tesla
2016-01-11,207.85,TSLA,Tesla
2016-01-12,209.97,TSLA,Tesla
2016-01-13,200.31,TSLA,Tesla
2016-01-14,206.18,TSLA,Tesla
2016-01-15,204.99,TSLA,Tesla
2016-01-19,204.72,TSLA,Tesla
2016-01-20,198.7,TSLA,Tesla
2016-01-21,199.97,TSLA,Tesla
2016-01-22,202.55,TSLA,Tesla
2016-01-25,196.38,TSLA,Tesla
2016-01-26,193.56,TSLA,Tesla
2016-01-27,188.07,TSLA,Tesla
2016-01-28,189.7,TSLA,Tesla
2016-01-29,191.2,TSLA,Tesla
2016-02-01,196.94,TSLA,Tesla
2016-02-02,182.78,TSLA,Tesla
2016-02-03,173.48,TSLA,Tesla
2016-02-04,175.33,TSLA,Tesla
2016-02-05,162.6,TSLA,Tesla
2016-02-08,147.99,TSLA,Tesla
2016-02-09,148.25,TSLA,Tesla
2016-02-10,143.67,TSLA,Tesla
2016-02-11,150.47,TSLA,Tesla
2016-02-12,151.04,TSLA,Tesla
2016-02-16,155.17,TSLA,Tesla
2016-02-17,168.68,TSLA,Tesla
2016-02-18,166.77,TSLA,Tesla
2016-02-19,166.58,TSLA,Tesla
2016-02-22,177.74,TSLA,Tesla
2016-02-23,177.21,TSLA,Tesla
2016-02-24,179.0,TSLA,Tesla
2016-02-25,187.43,TSLA,Tesla
2016-02-26,190.34,TSLA,Tesla
2016-02-29,191.93,TSLA,Tesla
2016-03-01,186.35,TSLA,Tesla
2016-03-02,188.34,TSLA,Tesla
2016-03-03,195.74,TSLA,Tesla
2016-03-04,201.04,TSLA,Tesla
2016-03-07,205.29,TSLA,Tesla
2016-03-08,202.6,TSLA,Tesla
2016-03-09,208.72,TSLA,Tesla
2016-03-10,205.18,TSLA,Tesla
2016-03-11,207.5,TSLA,Tesla
2016-03-14,215.15,TSLA,Tesla
2016-03-15,218.34,TSLA,Tesla
2016-03-16,221.93,TSLA,Tesla
2016-03-17,226.38,TSLA,Tesla
2016-03-18,232.74,TSLA,Tesla
2016-03-21,238.32,TSLA,Tesla
2016-03-22,234.24,TSLA,Tesla
2016-03-23,222.58,TSLA,Tesla
2016-03-24,227.75,TSLA,Tesla
2016-03-28,230.26,TSLA,Tesla
2016-03-29,230.13,TSLA,Tesla
2016-03-30,226.89,TSLA,Tesla
2016-03-31,229.77,TSLA,Tesla
2016-04-01,237.59,TSLA,Tesla
2016-04-04,246.99,TSLA,Tesla
2016-04-05,255.47,TSLA,Tesla
2016-04-06,265.42,TSLA,Tesla
2016-04-07,257.2,TSLA,Tesla
2016-04-08,250.07,TSLA,Tesla
2016-04-11,249.92,TSLA,Tesla
2016-04-12,247.82,TSLA,Tesla
2016-04-13,254.53,TSLA,Tesla
2016-04-14,251.86,TSLA,Tesla
2016-04-15,254.51,TSLA,Tesla
2016-04-18,253.88,TSLA,Tesla
2016-04-19,247.37,TSLA,Tesla
2016-04-20,249.97,TSLA,Tesla
2016-04-21,248.29,TSLA,Tesla
2016-04-22,253.75,TSLA,Tesla
2016-04-25,251.82,TSLA,Tesla
2016-04-26,253.74,TSLA,Tesla
2016-04-27,251.47,TSLA,Tesla
2016-04-28,247.71,TSLA,Tesla
2016-04-29,240.76,TSLA,Tesla
2016-05-02,241.8,TSLA,Tesla
2016-05-03,232.32,TSLA,Tesla
2016-05-04,222.56,TSLA,Tesla
2016-05-05,211.53,TSLA,Tesla
2016-05-06,214.93,TSLA,Tesla
2016-05-09,208.92,TSLA,Tesla
2016-05-10,208.69,TSLA,Tesla
2016-05-11,208.96,TSLA,Tesla
2016-05-12,207.28,TSLA,Tesla
2016-05-13,207.61,TSLA,Tesla
2016-05-16,208.29,TSLA,Tesla
2016-05-17,204.66,TSLA,Tesla
2016-05-18,211.17,TSLA,Tesla
2016-05-19,215.21,TSLA,Tesla
2016-05-20,220.28,TSLA,Tesla
2016-05-23,216.22,TSLA,Tesla
2016-05-24,217.91,TSLA,Tesla
2016-05-25,219.58,TSLA,Tesla
2016-05-26,225.12,TSLA,Tesla
2016-05-27,223.04,TSLA,Tesla
2016-05-31,223.23,TSLA,Tesla
2016-06-01,219.56,TSLA,Tesla
2016-06-02,218.96,TSLA,Tesla
2016-06-03,218.99,TSLA,Tesla
2016-06-06,220.68,TSLA,Tesla
2016-06-07,232.34,TSLA,Tesla
2016-06-08,235.52,TSLA,Tesla
2016-06-09,229.36,TSLA,Tesla
2016-06-10,218.79,TSLA,Tesla
2016-06-13,217.87,TSLA,Tesla
2016-06-14,214.96,TSLA,Tesla
2016-06-15,217.7,TSLA,Tesla
2016-06-16,217.93,TSLA,Tesla
2016-06-17,215.47,TSLA,Tesla
2016-06-20,219.7,TSLA,Tesla
2016-06-21,219.61,TSLA,Tesla
2016-06-22,196.66,TSLA,Tesla
2016-06-23,196.4,TSLA,Tesla
2016-06-24,193.15,TSLA,Tesla
2016-06-27,198.55,TSLA,Tesla
2016-06-28,201.79,TSLA,Tesla
2016-06-29,210.19,TSLA,Tesla
2016-06-30,212.28,TSLA,Tesla
2016-07-01,216.5,TSLA,Tesla
2016-07-05,213.98,TSLA,Tesla
2016-07-06,214.44,TSLA,Tesla
2016-07-07,215.94,TSLA,Tesla
2016-07-08,216.78,TSLA,Tesla
2016-07-11,224.78,TSLA,Tesla
2016-07-12,224.65,TSLA,Tesla
2016-07-13,222.53,TSLA,Tesla
2016-07-14,221.53,TSLA,Tesla
2016-07-15,220.4,TSLA,Tesla
2016-07-18,226.25,TSLA,Tesla
2016-07-19,225.26,TSLA,Tesla
2016-07-20,228.36,TSLA,Tesla
2016-07-21,220.5,TSLA,Tesla
2016-07-22,222.27,TSLA,Tesla
2016-07-25,230.01,TSLA,Tesla
2016-07-26,229.51,TSLA,Tesla
2016-07-27,228.49,TSLA,Tesla
2016-07-28,230.61,TSLA,Tesla
2016-07-29,234.79,TSLA,Tesla
2016-08-01,230.01,TSLA,Tesla
2016-08-02,227.2,TSLA,Tesla
2016-08-03,225.79,TSLA,Tesla
2016-08-04,230.61,TSLA,Tesla
2016-08-05,230.03,TSLA,Tesla
2016-08-08,226.16,TSLA,Tesla
2016-08-09,229.08,TSLA,Tesla
2016-08-10,225.65,TSLA,Tesla
2016-08-11,224.91,TSLA,Tesla
2016-08-12,225.61,TSLA,Tesla
2016-08-15,225.59,TSLA,Tesla
2016-08-16,223.61,TSLA,Tesla
2016-08-17,223.24,TSLA,Tesla
2016-08-18,223.51,TSLA,Tesla
2016-08-19,225.0,TSLA,Tesla
2016-08-22,222.93,TSLA,Tesla
2016-08-23,224.84,TSLA,Tesla
2016-08-24,222.62,TSLA,Tesla
2016-08-25,220.96,TSLA,Tesla
2016-08-26,219.99,TSLA,Tesla
2016-08-29,215.2,TSLA,Tesla
2016-08-30,211.34,TSLA,Tesla
2016-08-31,212.01,TSLA,Tesla
2016-09-01,200.77,TSLA,Tesla
2016-09-02,197.78,TSLA,Tesla
2016-09-06,202.83,TSLA,Tesla
2016-09-07,201.71,TSLA,Tesla
2016-09-08,197.36,TSLA,Tesla
2016-09-09,194.47,TSLA,Tesla
2016-09-12,198.3,TSLA,Tesla
2016-09-13,196.05,TSLA,Tesla
2016-09-14,196.41,TSLA,Tesla
2016-09-15,200.42,TSLA,Tesla
2016-09-16,205.4,TSLA,Tesla
2016-09-19,206.34,TSLA,Tesla
2016-09-20,204.64,TSLA,Tesla
2016-09-21,205.22,TSLA,Tesla
2016-09-22,206.43,TSLA,Tesla
2016-09-23,207.45,TSLA,Tesla
2016-09-26,208.99,TSLA,Tesla
2016-09-27,205.81,TSLA,Tesla
2016-09-28,206.27,TSLA,Tesla
2016-09-29,200.7,TSLA,Tesla
2016-09-30,204.03,TSLA,Tesla
2016-10-03,213.7,TSLA,Tesla
2016-10-04,211.41,TSLA,Tesla
2016-10-05,208.46,TSLA,Tesla
2016-10-06,201.0,TSLA,Tesla
2016-10-07,196.61,TSLA,Tesla
2016-10-10,200.95,TSLA,Tesla
2016-10-11,200.1,TSLA,Tesla
2016-10-12,201.51,TSLA,Tesla
2016-10-13,200.24,TSLA,Tesla
2016-10-14,196.51,TSLA,Tesla
2016-10-17,193.96,TSLA,Tesla
2016-10-18,199.1,TSLA,Tesla
2016-10-19,203.56,TSLA,Tesla
2016-10-20,199.1,TSLA,Tesla
2016-10-21,200.09,TSLA,Tesla
2016-10-24,202.76,TSLA,Tesla
2016-10-25,202.34,TSLA,Tesla
2016-10-26,202.24,TSLA,Tesla
2016-10-27,204.01,TSLA,Tesla
2016-10-28,199.97,TSLA,Tesla
2016-10-31,197.73,TSLA,Tesla
2016-11-01,190.79,TSLA,Tesla
2016-11-02,188.02,TSLA,Tesla
2016-11-03,187.42,TSLA,Tesla
2016-11-04,190.56,TSLA,Tesla
2016-11-07,193.21,TSLA,Tesla
2016-11-08,194.94,TSLA,Tesla
2016-11-09,190.06,TSLA,Tesla
2016-11-10,185.35,TSLA,Tesla
2016-11-11,188.56,TSLA,Tesla
2016-11-14,181.45,TSLA,Tesla
2016-11-15,183.77,TSLA,Tesla
2016-11-16,183.93,TSLA,Tesla
2016-11-17,188.66,TSLA,Tesla
2016-11-18,185.02,TSLA,Tesla
2016-11-21,184.52,TSLA,Tesla
2016-11-22,191.17,TSLA,Tesla
2016-11-23,193.14,TSLA,Tesla
2016-11-25,196.65,TSLA,Tesla
2016-11-28,196.12,TSLA,Tesla
2016-11-29,189.57,TSLA,Tesla
2016-11-30,189.4,TSLA,Tesla
2016-12-01,181.88,TSLA,Tesla
2016-12-02,181.47,TSLA,Tesla
2016-12-05,186.8,TSLA,Tesla
2016-12-06,185.85,TSLA,Tesla
2016-12-07,193.15,TSLA,Tesla
2016-12-08,192.29,TSLA,Tesla
2016-12-09,192.18,TSLA,Tesla
2016-12-12,192.43,TSLA,Tesla
2016-12-13,198.15,TSLA,Tesla
2016-12-14,198.69,TSLA,Tesla
2016-12-15,197.58,TSLA,Tesla
2016-12-16,202.49,TSLA,Tesla
2016-12-19,202.73,TSLA,Tesla
2016-12-20,208.79,TSLA,Tesla
2016-12-21,207.7,TSLA,Tesla
2016-12-22,208.45,TSLA,Tesla
2016-12-23,213.34,TSLA,Tesla
2016-12-27,219.53,TSLA,Tesla
2016-12-28,219.74,TSLA,Tesla
2016-12-29,214.68,TSLA,Tesla
2016-12-30,213.69,TSLA,Tesla
2017-01-03,216.99,TSLA,Tesla
2017-01-04,226.99,TSLA,Tesla
2017-01-05,226.75,TSLA,Tesla
2017-01-06,229.01,TSLA,Tesla
2017-01-09,231.28,TSLA,Tesla
2017-01-10,229.87,TSLA,Tesla
2017-01-11,229.73,TSLA,Tesla
2017-01-12,229.59,TSLA,Tesla
2017-01-13,237.75,TSLA,Tesla
2017-01-17,235.58,TSLA,Tesla
2017-01-18,238.36,TSLA,Tesla
2017-01-19,243.76,TSLA,Tesla
2017-01-20,244.73,TSLA,Tesla
2017-01-23,248.92,TSLA,Tesla
2017-01-24,254.61,TSLA,Tesla
2017-01-25,254.47,TSLA,Tesla
2017-01-26,252.51,TSLA,Tesla
2017-01-27,252.95,TSLA,Tesla
2017-01-30,250.63,TSLA,Tesla
2017-01-31,251.93,TSLA,Tesla
2017-02-01,249.24,TSLA,Tesla
2017-02-02,251.55,TSLA,Tesla
2017-02-03,251.33,TSLA,Tesla
2017-02-06,257.77,TSLA,Tesla
2017-02-07,257.48,TSLA,Tesla
2017-02-08,262.08,TSLA,Tesla
2017-02-09,269.2,TSLA,Tesla
2017-02-10,269.23,TSLA,Tesla
2017-02-13,280.6,TSLA,Tesla
2017-02-14,280.98,TSLA,Tesla
2017-02-15,279.76,TSLA,Tesla
2017-02-16,268.95,TSLA,Tesla
2017-02-17,272.23,TSLA,Tesla
2017-02-21,277.39,TSLA,Tesla
2017-02-22,273.51,TSLA,Tesla
2017-02-23,255.99,TSLA,Tesla
2017-02-24,257.0,TSLA,Tesla
2017-02-27,246.23,TSLA,Tesla
2017-02-28,249.99,TSLA,Tesla
2017-03-01,250.02,TSLA,Tesla
2017-03-02,250.48,TSLA,Tesla
2017-03-03,251.57,TSLA,Tesla
2017-03-06,251.21,TSLA,Tesla
2017-03-07,248.59,TSLA,Tesla
2017-03-08,246.87,TSLA,Tesla
2017-03-09,244.9,TSLA,Tesla
2017-03-10,243.69,TSLA,Tesla
2017-03-13,246.17,TSLA,Tesla
2017-03-14,258.0,TSLA,Tesla
2017-03-15,255.73,TSLA,Tesla
2017-03-16,262.05,TSLA,Tesla
2017-03-17,261.5,TSLA,Tesla
2017-03-20,261.92,TSLA,Tesla
2017-03-21,250.68,TSLA,Tesla
2017-03-22,255.01,TSLA,Tesla
2017-03-23,254.78,TSLA,Tesla
2017-03-24,263.16,TSLA,Tesla
2017-03-27,270.22,TSLA,Tesla
2017-03-28,277.45,TSLA,Tesla
2017-03-29,277.38,TSLA,Tesla
2017-03-30,277.92,TSLA,Tesla
2017-03-31,278.3,TSLA,Tesla
2017-04-03,298.52,TSLA,Tesla
2017-04-04,303.7,TSLA,Tesla
2017-04-05,295.0,TSLA,Tesla
2017-04-06,298.7,TSLA,Tesla
2017-04-07,302.54,TSLA,Tesla
2017-04-10,312.39,TSLA,Tesla
2017-04-11,308.71,TSLA,Tesla
2017-04-12,296.84,TSLA,Tesla
2017-04-13,304.0,TSLA,Tesla
2017-04-17,301.44,TSLA,Tesla
2017-04-18,300.25,TSLA,Tesla
2017-04-19,305.52,TSLA,Tesla
2017-04-20,302.51,TSLA,Tesla
2017-04-21,305.6,TSLA,Tesla
2017-04-24,308.03,TSLA,Tesla
2017-04-25,313.79,TSLA,Tesla
2017-04-26,310.17,TSLA,Tesla
2017-04-27,308.63,TSLA,Tesla
2017-04-28,314.07,TSLA,Tesla
2017-05-01,322.83,TSLA,Tesla
2017-05-02,318.89,TSLA,Tesla
2017-05-03,311.02,TSLA,Tesla
2017-05-04,295.46,TSLA,Tesla
2017-05-05,308.35,TSLA,Tesla
2017-05-08,307.19,TSLA,Tesla
2017-05-09,321.26,TSLA,Tesla
2017-05-10,325.22,TSLA,Tesla
2017-05-11,323.1,TSLA,Tesla
2017-05-12,324.81,TSLA,Tesla
2017-05-15,315.88,TSLA,Tesla
2017-05-16,317.01,TSLA,Tesla
2017-05-17,306.11,TSLA,Tesla
2017-05-18,313.06,TSLA,Tesla
2017-05-19,310.83,TSLA,Tesla
2017-05-22,310.35,TSLA,Tesla
2017-05-23,303.86,TSLA,Tesla
2017-05-24,310.22,TSLA,Tesla
2017-05-25,316.83,TSLA,Tesla
2017-05-26,325.14,TSLA,Tesla
2017-05-30,335.1,TSLA,Tesla
2017-05-31,341.01,TSLA,Tesla
2017-06-01,340.37,TSLA,Tesla
2017-06-02,339.85,TSLA,Tesla
2017-06-05,347.32,TSLA,Tesla
2017-06-06,352.85,TSLA,Tesla
2017-06-07,359.65,TSLA,Tesla
2017-06-08,370.0,TSLA,Tesla
2017-06-09,357.32,TSLA,Tesla
2017-06-12,359.01,TSLA,Tesla
2017-06-13,375.95,TSLA,Tesla
2017-06-14,380.66,TSLA,Tesla
2017-06-15,375.34,TSLA,Tesla
2017-06-16,371.4,TSLA,Tesla
2017-06-19,369.8,TSLA,Tesla
2017-06-20,372.24,TSLA,Tesla
2017-06-21,376.4,TSLA,Tesla
2017-06-22,382.61,TSLA,Tesla
2017-06-23,383.45,TSLA,Tesla
2017-06-26,377.49,TSLA,Tesla
2017-06-27,362.37,TSLA,Tesla
2017-06-28,371.24,TSLA,Tesla
2017-06-29,360.75,TSLA,Tesla
2017-06-30,361.61,TSLA,Tesla
2017-07-03,352.62,TSLA,Tesla
2017-07-05,327.09,TSLA,Tesla
2017-07-06,308.83,TSLA,Tesla
2017-07-07,313.22,TSLA,Tesla
2017-07-10,316.05,TSLA,Tesla
2017-07-11,327.22,TSLA,Tesla
2017-07-12,329.52,TSLA,Tesla
2017-07-13,323.41,TSLA,Tesla
2017-07-14,327.78,TSLA,Tesla
2017-07-17,319.57,TSLA,Tesla
2017-07-18,328.24,TSLA,Tesla
2017-07-19,325.26,TSLA,Tesla
2017-07-20,329.92,TSLA,Tesla
2017-07-21,328.4,TSLA,Tesla
2017-07-24,342.52,TSLA,Tesla
2017-07-25,339.6,TSLA,Tesla
2017-07-26,343.85,TSLA,Tesla
2017-07-27,334.46,TSLA,Tesla
2017-07-28,335.07,TSLA,Tesla
2017-07-31,323.47,TSLA,Tesla
2017-08-01,319.57,TSLA,Tesla
2017-08-02,325.89,TSLA,Tesla
2017-08-03,347.09,TSLA,Tesla
2017-08-04,356.91,TSLA,Tesla
2017-08-07,355.17,TSLA,Tesla
2017-08-08,365.22,TSLA,Tesla
2017-08-09,363.53,TSLA,Tesla
2017-08-10,355.4,TSLA,Tesla
2017-08-11,357.87,TSLA,Tesla
2017-08-14,363.8,TSLA,Tesla
2017-08-15,362.33,TSLA,Tesla
2017-08-16,362.91,TSLA,Tesla
2017-08-17,351.92,TSLA,Tesla
2017-08-18,347.46,TSLA,Tesla
2017-08-21,337.86,TSLA,Tesla
2017-08-22,341.35,TSLA,Tesla
2017-08-23,352.77,TSLA,Tesla
2017-08-24,352.93,TSLA,Tesla
2017-08-25,348.05,TSLA,Tesla
2017-08-28,345.66,TSLA,Tesla
2017-08-29,347.36,TSLA,Tesla
2017-08-30,353.18,TSLA,Tesla
2017-08-31,355.9,TSLA,Tesla
2017-09-01,355.4,TSLA,Tesla
2017-09-05,349.59,TSLA,Tesla
2017-09-06,344.53,TSLA,Tesla
2017-09-07,350.61,TSLA,Tesla
2017-09-08,343.4,TSLA,Tesla
2017-09-11,363.69,TSLA,Tesla
2017-09-12,362.75,TSLA,Tesla
2017-09-13,366.23,TSLA,Tesla
2017-09-14,377.64,TSLA,Tesla
2017-09-15,379.81,TSLA,Tesla
2017-09-18,385.0,TSLA,Tesla
2017-09-19,375.1,TSLA,Tesla
2017-09-20,373.91,TSLA,Tesla
2017-09-21,366.48,TSLA,Tesla
2017-09-22,351.09,TSLA,Tesla
2017-09-25,344.99,TSLA,Tesla
2017-09-26,345.25,TSLA,Tesla
2017-09-27,340.97,TSLA,Tesla
2017-09-28,339.6,TSLA,Tesla
2017-09-29,341.1,TSLA,Tesla
2017-10-02,341.53,TSLA,Tesla
2017-10-03,348.14,TSLA,Tesla
2017-10-04,355.01,TSLA,Tesla
2017-10-05,355.33,TSLA,Tesla
2017-10-06,356.88,TSLA,Tesla
2017-10-09,342.94,TSLA,Tesla
2017-10-10,355.59,TSLA,Tesla
2017-10-11,354.6,TSLA,Tesla
2017-10-12,355.68,TSLA,Tesla
2017-10-13,355.57,TSLA,Tesla
2017-10-16,350.6,TSLA,Tesla
2017-10-17,355.75,TSLA,Tesla
2017-10-18,359.65,TSLA,Tesla
2017-10-19,351.81,TSLA,Tesla
2017-10-20,345.1,TSLA,Tesla
2017-10-23,337.02,TSLA,Tesla
2017-10-24,337.34,TSLA,Tesla
2017-10-25,325.84,TSLA,Tesla
2017-10-26,326.17,TSLA,Tesla
2017-10-27,320.87,TSLA,Tesla
2017-10-30,320.08,TSLA,Tesla
2017-10-31,331.53,TSLA,Tesla
2017-11-01,321.08,TSLA,Tesla
2017-11-02,299.26,TSLA,Tesla
2017-11-03,306.09,TSLA,Tesla
2017-11-06,302.78,TSLA,Tesla
2017-11-07,306.05,TSLA,Tesla
2017-11-08,304.39,TSLA,Tesla
2017-11-09,302.99,TSLA,Tesla
2017-11-10,302.99,TSLA,Tesla
2017-11-13,315.4,TSLA,Tesla
2017-11-14,308.7,TSLA,Tesla
2017-11-15,311.3,TSLA,Tesla
2017-11-16,312.5,TSLA,Tesla
2017-11-17,315.05,TSLA,Tesla
2017-11-20,308.74,TSLA,Tesla
2017-11-21,317.81,TSLA,Tesla
2017-11-22,312.6,TSLA,Tesla
2017-11-24,315.55,TSLA,Tesla
2017-11-27,316.81,TSLA,Tesla
2017-11-28,317.55,TSLA,Tesla
2017-11-29,307.54,TSLA,Tesla
2017-11-30,308.85,TSLA,Tesla
2017-12-01,306.53,TSLA,Tesla
2017-12-04,305.2,TSLA,Tesla
2017-12-05,303.7,TSLA,Tesla
2017-12-06,313.26,TSLA,Tesla
2017-12-07,311.24,TSLA,Tesla
2017-12-08,315.13,TSLA,Tesla
2017-12-11,328.91,TSLA,Tesla
2017-12-12,341.03,TSLA,Tesla
2017-12-13,339.03,TSLA,Tesla
2017-12-14,337.89,TSLA,Tesla
2017-12-15,343.45,TSLA,Tesla
2017-12-18,338.87,TSLA,Tesla
2017-12-19,331.1,TSLA,Tesla
2017-12-20,328.98,TSLA,Tesla
2017-12-21,331.66,TSLA,Tesla
2017-12-22,325.2,TSLA,Tesla
2017-12-26,317.29,TSLA,Tesla
2017-12-27,311.64,TSLA,Tesla
2017-12-28,315.36,TSLA,Tesla
2017-12-29,311.35,TSLA,Tesla
2018-01-02,320.53,TSLA,Tesla
2018-01-03,317.25,TSLA,Tesla
2018-01-04,314.62,TSLA,Tesla
2018-01-05,316.58,TSLA,Tesla
2018-01-08,336.41,TSLA,Tesla
2018-01-09,333.69,TSLA,Tesla
2018-01-10,334.8,TSLA,Tesla
2018-01-11,337.95,TSLA,Tesla
2018-01-12,336.22,TSLA,Tesla
2018-01-16,340.06,TSLA,Tesla
2018-01-17,347.16,TSLA,Tesla
2018-01-18,344.57,TSLA,Tesla
2018-01-19,350.02,TSLA,Tesla
2018-01-22,351.56,TSLA,Tesla
2018-01-23,352.79,TSLA,Tesla
2018-01-24,345.89,TSLA,Tesla
2018-01-25,337.64,TSLA,Tesla
2018-01-26,342.85,TSLA,Tesla
2018-01-29,349.53,TSLA,Tesla
2018-01-30,345.82,TSLA,Tesla
2018-01-31,354.31,TSLA,Tesla
2018-02-01,349.25,TSLA,Tesla
2018-02-02,343.75,TSLA,Tesla
2018-02-05,333.13,TSLA,Tesla
2018-02-06,333.97,TSLA,Tesla
2018-02-07,345.0,TSLA,Tesla
2018-02-08,315.23,TSLA,Tesla
2018-02-09,310.42,TSLA,Tesla
2018-02-12,315.73,TSLA,Tesla
2018-02-13,323.66,TSLA,Tesla
2018-02-14,322.31,TSLA,Tesla
2018-02-15,334.065,TSLA,Tesla
2018-02-16,335.49,TSLA,Tesla
2018-02-20,334.77,TSLA,Tesla
2018-02-21,333.3,TSLA,Tesla
2018-02-22,346.17,TSLA,Tesla
2018-02-23,352.05,TSLA,Tesla
2018-02-26,357.42,TSLA,Tesla
2018-02-27,350.99,TSLA,Tesla
2018-02-28,343.06,TSLA,Tesla
2018-03-01,330.93,TSLA,Tesla
2018-03-02,335.12,TSLA,Tesla
2018-03-05,333.35,TSLA,Tesla
2018-03-06,328.2,TSLA,Tesla
2018-03-07,332.3,TSLA,Tesla
2018-03-08,329.1,TSLA,Tesla
2018-03-09,327.17,TSLA,Tesla
2018-03-12,345.51,TSLA,Tesla
2018-03-13,341.84,TSLA,Tesla
2018-03-14,326.63,TSLA,Tesla
2018-03-15,325.6,TSLA,Tesla
2018-03-16,321.35,TSLA,Tesla
2018-03-19,313.56,TSLA,Tesla
2018-03-20,310.55,TSLA,Tesla
2018-03-21,316.53,TSLA,Tesla
2018-03-22,309.1,TSLA,Tesla
2018-03-23,301.54,TSLA,Tesla
2018-03-26,304.18,TSLA,Tesla
2018-03-27,279.18,TSLA,Tesla
2018-03-28,257.78,TSLA,Tesla
2018-03-29,266.13,TSLA,Tesla
2018-04-02,252.48,TSLA,Tesla
2018-04-03,267.53,TSLA,Tesla
2018-04-04,286.94,TSLA,Tesla
2018-04-05,305.72,TSLA,Tesla
2018-04-06,299.3,TSLA,Tesla
2018-04-09,289.66,TSLA,Tesla
2018-04-10,304.7,TSLA,Tesla
2018-04-11,300.93,TSLA,Tesla
2018-04-12,294.08,TSLA,Tesla
2018-04-13,300.34,TSLA,Tesla
2018-04-16,291.21,TSLA,Tesla
2018-04-17,287.69,TSLA,Tesla
2018-04-18,293.35,TSLA,Tesla
2018-04-19,300.08,TSLA,Tesla
2018-04-20,290.24,TSLA,Tesla
2018-04-23,283.37,TSLA,Tesla
2018-04-24,283.46,TSLA,Tesla
2018-04-25,280.69,TSLA,Tesla
2018-04-26,285.48,TSLA,Tesla
2018-04-27,294.075,TSLA,Tesla
2018-04-30,293.9,TSLA,Tesla
2018-05-01,299.92,TSLA,Tesla
2018-05-02,301.15,TSLA,Tesla
2018-05-03,284.45,TSLA,Tesla
2018-05-04,294.09,TSLA,Tesla
2018-05-07,302.77,TSLA,Tesla
2018-05-08,301.97,TSLA,Tesla
2018-05-09,306.85,TSLA,Tesla
2018-05-10,305.02,TSLA,Tesla
2018-05-11,301.06,TSLA,Tesla
2018-05-14,291.97,TSLA,Tesla
2018-05-15,284.18,TSLA,Tesla
2018-05-16,286.48,TSLA,Tesla
2018-05-17,284.54,TSLA,Tesla
2018-05-18,276.82,TSLA,Tesla
2018-05-21,284.49,TSLA,Tesla
2018-05-22,275.01,TSLA,Tesla
2018-05-23,279.07,TSLA,Tesla
2018-05-24,277.85,TSLA,Tesla
2018-05-25,278.85,TSLA,Tesla
2018-05-29,283.76,TSLA,Tesla
2018-05-30,291.72,TSLA,Tesla
2018-05-31,284.73,TSLA,Tesla
2018-06-01,291.82,TSLA,Tesla
2018-06-04,296.74,TSLA,Tesla
2018-06-05,291.13,TSLA,Tesla
2018-06-06,319.5,TSLA,Tesla
2018-06-07,316.09,TSLA,Tesla
2018-06-08,317.66,TSLA,Tesla
2018-06-11,332.1,TSLA,Tesla
2018-06-12,342.77,TSLA,Tesla
2018-06-13,344.78,TSLA,Tesla
2018-06-14,357.72,TSLA,Tesla
2018-06-15,358.17,TSLA,Tesla
2018-06-18,370.83,TSLA,Tesla
2018-06-19,352.55,TSLA,Tesla
2018-06-20,362.22,TSLA,Tesla
2018-06-21,347.51,TSLA,Tesla
2018-06-22,333.63,TSLA,Tesla
2018-06-25,333.01,TSLA,Tesla
2018-06-26,342.0,TSLA,Tesla
2018-06-27,344.5,TSLA,Tesla
2018-06-28,349.93,TSLA,Tesla
2018-06-29,342.95,TSLA,Tesla
2018-07-02,335.07,TSLA,Tesla
2018-07-03,310.86,TSLA,Tesla
2018-07-05,309.16,TSLA,Tesla
2018-07-06,308.9,TSLA,Tesla
2018-07-09,318.51,TSLA,Tesla
2018-07-10,322.47,TSLA,Tesla
2018-07-11,318.96,TSLA,Tesla
2018-07-12,316.71,TSLA,Tesla
2018-07-13,318.87,TSLA,Tesla
2018-07-16,310.1,TSLA,Tesla
2018-07-17,322.69,TSLA,Tesla
2018-07-18,323.85,TSLA,Tesla
2018-07-19,320.23,TSLA,Tesla
2018-07-20,313.58,TSLA,Tesla
2018-07-23,303.2,TSLA,Tesla
2018-07-24,297.43,TSLA,Tesla
2018-07-25,308.74,TSLA,Tesla
2018-07-26,306.65,TSLA,Tesla
2018-07-27,297.18,TSLA,Tesla
2018-07-30,290.17,TSLA,Tesla
2018-07-31,298.14,TSLA,Tesla
2018-08-01,300.84,TSLA,Tesla
2018-08-02,349.54,TSLA,Tesla
2018-08-03,348.17,TSLA,Tesla
2018-08-06,341.99,TSLA,Tesla
2018-08-07,379.57,TSLA,Tesla
2018-08-08,370.34,TSLA,Tesla
2018-08-09,352.45,TSLA,Tesla
2018-08-10,355.49,TSLA,Tesla
2018-08-13,356.41,TSLA,Tesla
2018-08-14,347.64,TSLA,Tesla
2018-08-15,338.69,TSLA,Tesla
2018-08-16,335.45,TSLA,Tesla
2018-08-17,305.5,TSLA,Tesla
2018-08-20,308.44,TSLA,Tesla
2018-08-21,321.9,TSLA,Tesla
2018-08-22,321.64,TSLA,Tesla
2018-08-23,320.1,TSLA,Tesla
2018-08-24,322.82,TSLA,Tesla
2018-08-27,319.27,TSLA,Tesla
2018-08-28,311.86,TSLA,Tesla
2018-08-29,305.01,TSLA,Tesla
2018-08-30,303.15,TSLA,Tesla
2018-08-31,301.66,TSLA,Tesla
2018-09-04,288.95,TSLA,Tesla
2018-09-05,280.74,TSLA,Tesla
2018-09-06,280.95,TSLA,Tesla
2018-09-07,263.24,TSLA,Tesla
2018-09-10,285.5,TSLA,Tesla
2018-09-11,279.44,TSLA,Tesla
2018-09-12,290.54,TSLA,Tesla
2018-09-13,289.46,TSLA,Tesla
2018-09-14,295.2,TSLA,Tesla
2018-09-17,294.84,TSLA,Tesla
2018-09-18,284.96,TSLA,Tesla
2018-09-19,299.02,TSLA,Tesla
2018-09-20,298.33,TSLA,Tesla
2018-09-21,299.1,TSLA,Tesla
2018-09-24,299.68,TSLA,Tesla
2018-09-25,300.99,TSLA,Tesla
2018-09-26,309.58,TSLA,Tesla
2018-09-27,307.52,TSLA,Tesla
2018-09-28,264.77,TSLA,Tesla
2018-10-01,310.7,TSLA,Tesla
2018-10-02,301.02,TSLA,Tesla
2018-10-03,294.8,TSLA,Tesla
2018-10-04,281.83,TSLA,Tesla
2018-10-05,261.95,TSLA,Tesla
2018-10-08,250.56,TSLA,Tesla
2018-10-09,262.8,TSLA,Tesla
2018-10-10,256.88,TSLA,Tesla
2018-10-11,252.23,TSLA,Tesla
2018-10-12,258.78,TSLA,Tesla
2018-10-15,259.59,TSLA,Tesla
2018-10-16,276.59,TSLA,Tesla
2018-10-17,271.78,TSLA,Tesla
2018-10-18,263.91,TSLA,Tesla
2018-10-19,260.0,TSLA,Tesla
2018-10-22,260.95,TSLA,Tesla
2018-10-23,294.14,TSLA,Tesla
2018-10-24,288.5,TSLA,Tesla
2018-10-25,314.86,TSLA,Tesla
2018-10-26,330.9,TSLA,Tesla
2018-10-29,334.85,TSLA,Tesla
2018-10-30,329.9,TSLA,Tesla
2018-10-31,337.32,TSLA,Tesla
2018-11-01,344.28,TSLA,Tesla
2018-11-02,346.41,TSLA,Tesla
2018-11-05,341.4,TSLA,Tesla
2018-11-06,341.06,TSLA,Tesla
2018-11-07,348.16,TSLA,Tesla
2018-11-08,351.4,TSLA,Tesla
2018-11-09,350.51,TSLA,Tesla
2018-11-12,331.28,TSLA,Tesla
2018-11-13,338.73,TSLA,Tesla
2018-11-14,344.0,TSLA,Tesla
2018-11-15,348.44,TSLA,Tesla
2018-11-16,354.31,TSLA,Tesla
2018-11-19,353.47,TSLA,Tesla
2018-11-20,347.49,TSLA,Tesla
2018-11-21,338.19,TSLA,Tesla
2018-11-23,325.83,TSLA,Tesla
2018-11-26,346.0,TSLA,Tesla
2018-11-27,343.92,TSLA,Tesla
2018-11-28,347.87,TSLA,Tesla
2018-11-29,341.17,TSLA,Tesla
2018-11-30,350.48,TSLA,Tesla
2018-12-03,358.49,TSLA,Tesla
2018-12-04,359.7,TSLA,Tesla
2018-12-06,363.06,TSLA,Tesla
2018-12-07,357.965,TSLA,Tesla
2018-12-10,365.15,TSLA,Tesla
2018-12-11,366.76,TSLA,Tesla
2018-12-12,366.6,TSLA,Tesla
2018-12-13,376.79,TSLA,Tesla
2018-12-14,365.71,TSLA,Tesla
2018-12-17,348.42,TSLA,Tesla
2018-12-18,337.03,TSLA,Tesla
2018-12-19,332.97,TSLA,Tesla
2018-12-20,315.38,TSLA,Tesla
2018-12-21,319.77,TSLA,Tesla
2018-12-24,295.39,TSLA,Tesla
2018-12-26,326.09,TSLA,Tesla
2018-12-27,316.13,TSLA,Tesla
2018-12-28,333.87,TSLA,Tesla
2018-12-31,332.8,TSLA,Tesla
2019-01-02,310.12,TSLA,Tesla
2019-01-03,300.36,TSLA,Tesla
2019-01-04,317.69,TSLA,Tesla
2019-01-07,334.96,TSLA,Tesla
2019-01-08,335.35,TSLA,Tesla
2019-01-09,338.53,TSLA,Tesla
2019-01-10,344.97,TSLA,Tesla
2019-01-11,347.26,TSLA,Tesla
2019-01-14,334.4,TSLA,Tesla
2019-01-15,344.43,TSLA,Tesla
